{"cameraMode":{"drawMode":0,"name":"Shaded","section":"Shading Mode"},"sceneLighting":false,"audioPlay":false,"sceneViewState":{"showFog":true,"showMaterialUpdate":false,"showSkybox":false,"showFlares":true,"showImageEffects":true,"showParticleSystems":true},"in2DMode":false,"pivot":{"x":155.63360595703126,"y":23.419994354248048,"z":97.66091918945313},"rotation":{"x":0.2145843356847763,"y":-0.020512036979198457,"z":0.004522094968706369,"w":0.9765030741691589},"size":411.19732666015627,"orthographic":false}