{"cameraMode":{"drawMode":0,"name":"Shaded","section":"Shading Mode"},"sceneLighting":false,"audioPlay":false,"sceneViewState":{"showFog":true,"showMaterialUpdate":false,"showSkybox":false,"showFlares":true,"showImageEffects":true,"showParticleSystems":true},"in2DMode":false,"pivot":{"x":-87.77999877929688,"y":-9.010883331298829,"z":253.718017578125},"rotation":{"x":0.179976224899292,"y":-0.6861106753349304,"z":0.18127836287021638,"w":0.681178092956543},"size":10.614940643310547,"orthographic":false}