{"cameraMode":{"drawMode":0,"name":"Shaded","section":"Shading Mode"},"sceneLighting":false,"audioPlay":false,"sceneViewState":{"showFog":true,"showMaterialUpdate":false,"showSkybox":false,"showFlares":true,"showImageEffects":true,"showParticleSystems":true},"in2DMode":false,"pivot":{"x":-7.725368499755859,"y":-5.023595809936523,"z":-26.44585418701172},"rotation":{"x":0.13651004433631898,"y":0.3387901186943054,"z":-0.049751829355955127,"w":0.9295768737792969},"size":266.5601501464844,"orthographic":false}